Order Number,Date Ordered,Date Due,Product Name,Product Code,Size,Color,Line Qty,Decoration Process,Unit Price,Line Total,Tax,Tax Exempt,Order Total,Order Shipping Total,PO Number,Supplier PO Number,Production Staff Account,Store Name,Company,Billing First Name,Billing Last Name,Billing Email Address,Billing Address,Billing City,Billing State,Billing Postcode/zip,Billing Phone No.,Shipping First Name,Shipping Last Name,Shipping Address,Shipping City,Shipping State,Shipping Postcode/zip,Shipping Phone No.,Shipping Method,Design Name,Design Price
INV00001,5/1/2024,5/5/2024,Sample T-Shirt A,TS001,"Small x 5, Medium x 10",Blue,15,Screen Print,12.00,180.00,14.40,No,194.40,0,,PO001,N/A,Sample Shop,Acme Inc.,John,Smith,john.smith@acme.com,123 Elm St,Springfield,IL,62704,217-555-1234,Jane,Smith,456 Oak St,Springfield,IL,62704,217-555-5678,In-Store Pickup,Design A,0
INV00002,5/1/2024,5/5/2024,Sample T-Shirt B,TS002,"Small x 10, Medium x 5",Red,10,Embroidery,15.00,150.00,12.00,No,162.00,0,,PO002,N/A,Sample Shop,Acme Inc.,Emily,Johnson,emily.johnson@acme.com,789 Maple Ave,Springfield,IL,62704,217-555-2345,Michael,Johnson,101 Birch Ave,Springfield,IL,62704,217-555-6789,In-Store Pickup,Design B,0
INV00003,5/2/2024,5/6/2024,Sample Hoodie C,HD003,"Medium x 8, Large x 12",Green,20,DTF,20.00,400.00,32.00,No,432.00,0,,PO003,N/A,Sample Shop,Acme Inc.,Anna,Williams,anna.williams@acme.com,102 Pine Blvd,Springfield,IL,62704,217-555-3456,Tom,Williams,103 Maple Blvd,Springfield,IL,62704,217-555-7890,In-Store Pickup,Design C,0
INV00004,5/3/2024,5/7/2024,Sample Hoodie D,HD004,"Large x 5, X Large x 5",Yellow,10,Screen Print,18.00,180.00,14.40,No,194.40,0,,PO004,N/A,Sample Shop,Acme Inc.,Mark,Anderson,mark.anderson@acme.com,104 Cedar St,Springfield,IL,62704,217-555-4567,Lisa,Anderson,105 Cedar St,Springfield,IL,62704,217-555-8901,In-Store Pickup,Design D,0
INV00005,5/4/2024,5/8/2024,Sample Polo E,PL005,"X Large x 10, 2X Large x 5",Black,15,Embroidery,22.00,330.00,26.40,No,356.40,0,,PO005,N/A,Sample Shop,Acme Inc.,James,Brown,james.brown@acme.com,106 Birch Rd,Springfield,IL,62704,217-555-5678,Susan,Brown,107 Birch Rd,Springfield,IL,62704,217-555-9012,In-Store Pickup,Design E,0
INV00006,5/5/2024,5/9/2024,Sample Polo F,PL006,"Medium x 5, Large x 5",White,10,DTF,25.00,250.00,20.00,No,270.00,0,,PO006,N/A,Sample Shop,Acme Inc.,Chris,Davis,chris.davis@acme.com,108 Maple Ave,Springfield,IL,62704,217-555-6789,Kelly,Davis,109 Maple Ave,Springfield,IL,62704,217-555-0123,In-Store Pickup,Design F,0
INV00007,5/6/2024,5/10/2024,Sample Sweatshirt G,SW007,"Small x 10, Medium x 10",Gray,20,Screen Print,14.00,280.00,22.40,No,302.40,0,,PO007,N/A,Sample Shop,Acme Inc.,Laura,Wilson,laura.wilson@acme.com,110 Pine Blvd,Springfield,IL,62704,217-555-7890,Mark,Wilson,111 Pine Blvd,Springfield,IL,62704,217-555-1234,In-Store Pickup,Design G,0
INV00008,5/7/2024,5/11/2024,Sample Sweatshirt H,SW008,"Large x 10, X Large x 10",Pink,15,Embroidery,19.00,285.00,22.80,No,307.80,0,,PO008,N/A,Sample Shop,Acme Inc.,Alice,Martinez,alice.martinez@acme.com,112 Cedar St,Springfield,IL,62704,217-555-8902,Steve,Martinez,113 Cedar St,Springfield,IL,62704,217-555-3456,In-Store Pickup,Design H,0
INV00009,5/8/2024,5/12/2024,Sample Jacket I,JK009,"X Large x 5, 2X Large x 5",Purple,10,DTF,21.00,210.00,16.80,No,226.80,0,,PO009,N/A,Sample Shop,Acme Inc.,Olivia,Clark,olivia.clark@acme.com,114 Oak Ave,Springfield,IL,62704,217-555-9013,Robert,Clark,115 Oak Ave,Springfield,IL,62704,217-555-2345,In-Store Pickup,Design I,0
INV00010,5/9/2024,5/13/2024,Sample Jacket J,JK010,"Medium x 10, Large x 10",Orange,20,Screen Print,16.00,320.00,25.60,No,345.60,0,,PO010,N/A,Sample Shop,Acme Inc.,Daniel,Roberts,daniel.roberts@acme.com,116 Pine Blvd,Springfield,IL,62704,217-555-0124,Monica,Roberts,117 Pine Blvd,Springfield,IL,62704,217-555-5678,In-Store Pickup,Design J,0
INV00011,5/10/2024,5/14/2024,Sample Sweatshirt K,SW011,"Small x 5, Medium x 15",Brown,15,Embroidery,17.00,255.00,20.40,No,275.40,0,,PO011,N/A,Sample Shop,Acme Inc.,Mary,Adams,mary.adams@acme.com,118 Birch Rd,Springfield,IL,62704,217-555-6780,John,Adams,119 Birch Rd,Springfield,IL,62704,217-555-9014,In-Store Pickup,Design K,0
INV00012,5/11/2024,5/15/2024,Sample Jacket L,JK012,"Large x 10, X Large x 10",Teal,20,DTF,22.00,440.00,35.20,No,475.20,0,,PO012,N/A,Sample Shop,Acme Inc.,Kevin,Thompson,kevin.thompson@acme.com,120 Maple Ave,Springfield,IL,62704,217-555-3457,Laura,Thompson,121 Maple Ave,Springfield,IL,62704,217-555-8903,In-Store Pickup,Design L,0
INV00013,5/12/2024,5/16/2024,Sample Polo M,PL013,"Medium x 10, Large x 15",Maroon,25,Screen Print,13.00,325.00,26.00,No,351.00,0,,PO013,N/A,Sample Shop,Acme Inc.,Paul,Wilson,paul.wilson@acme.com,122 Cedar Blvd,Springfield,IL,62704,217-555-1235,Kate,Wilson,123 Cedar Blvd,Springfield,IL,62704,217-555-6781,In-Store Pickup,Design M,0
INV00014,5/13/2024,5/17/2024,Sample Polo N,PL014,"X Large x 10, 2X Large x 5",Olive,15,Embroidery,24.00,360.00,28.80,No,388.80,0,,PO014,N/A,Sample Shop,Acme Inc.,Anna,Scott,anna.scott@acme.com,124 Maple Rd,Springfield,IL,62704,217-555-7893,Robert,Scott,125 Maple Rd,Springfield,IL,62704,217-555-2346,In-Store Pickup,Design N,0
INV00015,5/14/2024,5/18/2024,Sample T-Shirt O,TS015,"Small x 5, Medium x 10",Navy,10,DTF,26.00,260.00,20.80,No,280.80,0,,PO015,N/A,Sample Shop,Acme Inc.,Laura,Green,laura.green@acme.com,126 Pine Blvd,Springfield,IL,62704,217-555-9015,James,Green,127 Pine Blvd,Springfield,IL,62704,217-555-3456,In-Store Pickup,Design O,0
INV00016,5/15/2024,5/19/2024,Sample Sweatshirt P,SW016,"Medium x 10, Large x 10",Coral,20,Screen Print,15.00,300.00,24.00,No,324.00,0,,PO016,N/A,Sample Shop,Acme Inc.,Susan,Adams,susan.adams@acme.com,128 Cedar Ave,Springfield,IL,62704,217-555-6782,Michael,Adams,129 Cedar Ave,Springfield,IL,62704,217-555-7891,In-Store Pickup,Design P,0
INV00017,5/16/2024,5/20/2024,Sample Sweatshirt Q,SW017,"Large x 15, X Large x 10",Turquoise,25,Embroidery,23.00,575.00,46.00,No,621.00,0,,PO017,N/A,Sample Shop,Acme Inc.,Karen,Baker,karen.baker@acme.com,130 Birch Blvd,Springfield,IL,62704,217-555-9016,Tom,Baker,131 Birch Blvd,Springfield,IL,62704,217-555-3457,In-Store Pickup,Design Q,0
INV00018,5/17/2024,5/21/2024,Sample Jacket R,JK018,"X Large x 10, 2X Large x 10",Gold,20,DTF,27.00,540.00,43.20,No,583.20,0,,PO018,N/A,Sample Shop,Acme Inc.,Laura,King,laura.king@acme.com,132 Cedar Blvd,Springfield,IL,62704,217-555-7892,David,King,133 Cedar Blvd,Springfield,IL,62704,217-555-6784,In-Store Pickup,Design R,0
INV00019,5/18/2024,5/22/2024,Sample T-Shirt S,TS019,"Small x 5, Medium x 5",Silver,10,Screen Print,12.50,125.00,10.00,No,135.00,0,,PO019,N/A,Sample Shop,Acme Inc.,Nancy,Moore,nancy.moore@acme.com,134 Oak Ave,Springfield,IL,62704,217-555-8905,Jeff,Moore,135 Oak Ave,Springfield,IL,62704,217-555-3458,In-Store Pickup,Design S,0
INV00020,5/19/2024,5/23/2024,Sample Polo T,PL020,"Large x 10, X Large x 5",Bronze,15,Embroidery,20.00,300.00,24.00,No,324.00,0,,PO020,N/A,Sample Shop,Acme Inc.,Olivia,Garcia,olivia.garcia@acme.com,136 Cedar Blvd,Springfield,IL,62704,217-555-9018,Luis,Garcia,137 Cedar Blvd,Springfield,IL,62704,217-555-4567,In-Store Pickup,Design T,0
